{
  "project_info": {
    "project_number": "835042813627",
    "firebase_url": "https://chatapp-fdcce.firebaseio.com",
    "project_id": "chatapp-fdcce",
    "storage_bucket": "chatapp-fdcce.appspot.com"
  },
  "client": [
    {
      "client_info": {
        "mobilesdk_app_id": "1:835042813627:android:c71fbbc92a02a37a",
        "android_client_info": {
          "package_name": "com.example.aryan.handclientside"
        }
      },
      "oauth_client": [
        {
          "client_id": "835042813627-8m4a8md6gi78llng6ep795na4lt8lth9.apps.googleusercontent.com",
          "client_type": 1,
          "android_info": {
            "package_name": "com.example.aryan.handclientside",
            "certificate_hash": "80a4a2b5deed2e1cc2043dafcbb3f02d20a19c48"
          }
        },
        {
          "client_id": "835042813627-k8c0gmc6ecgs1dru02oekemu1f1t4dpe.apps.googleusercontent.com",
          "client_type": 3
        }
      ],
      "api_key": [
        {
          "current_key": "AIzaSyAI3GtwUXBVA5pzu_yj6bykCNuMUWsuvIA"
        }
      ],
      "services": {
        "appinvite_service": {
          "other_platform_oauth_client": [
            {
              "client_id": "835042813627-k8c0gmc6ecgs1dru02oekemu1f1t4dpe.apps.googleusercontent.com",
              "client_type": 3
            }
          ]
        }
      }
    },
    {
      "client_info": {
        "mobilesdk_app_id": "1:835042813627:android:374b4af11ea6d701",
        "android_client_info": {
          "package_name": "com.hieuapp.rivchat"
        }
      },
      "oauth_client": [
        {
          "client_id": "835042813627-k8c0gmc6ecgs1dru02oekemu1f1t4dpe.apps.googleusercontent.com",
          "client_type": 3
        }
      ],
      "api_key": [
        {
          "current_key": "AIzaSyAI3GtwUXBVA5pzu_yj6bykCNuMUWsuvIA"
        }
      ],
      "services": {
        "appinvite_service": {
          "other_platform_oauth_client": [
            {
              "client_id": "835042813627-k8c0gmc6ecgs1dru02oekemu1f1t4dpe.apps.googleusercontent.com",
              "client_type": 3
            }
          ]
        }
      }
    }
  ],
  "configuration_version": "1"
}